PARAM,AVG_TIME,RUN,FAILED,NB instances
1,81ms,1,0,"id=1;instance=1;service=1;version=1
id=1;instance=1;service=1;version=1"
1,71ms,2,0,id=1;instance=1;service=1;version=1
1,66ms,3,0,id=1;instance=1;service=1;version=1
10,74ms,1,0,id=1;instance=1;service=1;version=1
10,72ms,2,0,id=1;instance=1;service=1;version=1
10,70ms,3,0,id=1;instance=1;service=1;version=1
20,80ms,1,0,id=1;instance=1;service=1;version=1
20,76ms,2,0,id=1;instance=1;service=1;version=1
20,76ms,3,0,id=1;instance=1;service=1;version=1
50,154ms,1,1,"id=1;instance=1;service=1;version=1
id=1;instance=1;service=1;version=1"
50,130ms,2,1,"id=1;instance=1;service=1;version=1
id=1;instance=1;service=1;version=1"
50,137ms,3,1,"id=1;instance=1;service=1;version=1
id=1;instance=1;service=1;version=1"
100,271ms,1,1,"id=1;instance=1;service=1;version=1
id=1;instance=1;service=1;version=1
id=1;instance=1;service=1;version=1"
100,164ms,2,1,"id=1;instance=1;service=1;version=1
id=1;instance=1;service=1;version=1
id=1;instance=1;service=1;version=1
id=1;instance=1;service=1;version=1"
100,246ms,3,1,"id=1;instance=1;service=1;version=1
id=1;instance=1;service=1;version=1
id=1;instance=1;service=1;version=1
id=1;instance=1;service=1;version=1"
1000,1452ms,1,1,"id=1;instance=1;service=1;version=1
id=1;instance=1;service=1;version=1
id=1;instance=1;service=1;version=1
id=1;instance=1;service=1;version=1
id=1;instance=1;service=1;version=1
id=1;instance=1;service=1;version=1
id=1;instance=1;service=1;version=1
id=1;instance=1;service=1;version=1
id=1;instance=1;service=1;version=1
id=1;instance=1;service=1;version=1
id=1;instance=1;service=1;version=1
id=1;instance=1;service=1;version=1
id=1;instance=1;service=1;version=1
id=1;instance=1;service=1;version=1
id=1;instance=1;service=1;version=1
id=1;instance=1;service=1;version=1
id=1;instance=1;service=1;version=1
id=1;instance=1;service=1;version=1
id=1;instance=1;service=1;version=1
id=1;instance=1;service=1;version=1"
1000,302ms,2,1,"id=1;instance=1;service=1;version=1
id=1;instance=1;service=1;version=1
id=1;instance=1;service=1;version=1
id=1;instance=1;service=1;version=1
id=1;instance=1;service=1;version=1
id=1;instance=1;service=1;version=1
id=1;instance=1;service=1;version=1
id=1;instance=1;service=1;version=1
id=1;instance=1;service=1;version=1
id=1;instance=1;service=1;version=1
id=1;instance=1;service=1;version=1
id=1;instance=1;service=1;version=1
id=1;instance=1;service=1;version=1
id=1;instance=1;service=1;version=1
id=1;instance=1;service=1;version=1
id=1;instance=1;service=1;version=1
id=1;instance=1;service=1;version=1
id=1;instance=1;service=1;version=1
id=1;instance=1;service=1;version=1
id=1;instance=1;service=1;version=1"
1000,344ms,3,1,"id=1;instance=1;service=1;version=1
id=1;instance=1;service=1;version=1
id=1;instance=1;service=1;version=1
id=1;instance=1;service=1;version=1
id=1;instance=1;service=1;version=1
id=1;instance=1;service=1;version=1
id=1;instance=1;service=1;version=1
id=1;instance=1;service=1;version=1
id=1;instance=1;service=1;version=1
id=1;instance=1;service=1;version=1
id=1;instance=1;service=1;version=1
id=1;instance=1;service=1;version=1
id=1;instance=1;service=1;version=1
id=1;instance=1;service=1;version=1
id=1;instance=1;service=1;version=1
id=1;instance=1;service=1;version=1
id=1;instance=1;service=1;version=1
id=1;instance=1;service=1;version=1
id=1;instance=1;service=1;version=1
id=1;instance=1;service=1;version=1"
